day,PP_DUR_WP,PP_DUR_WOP
0,14.696,14.696
1,13.680000000000001,10.528000000000002
2,12.863999999999999,12.12
