day,PP_DUR_WP,PP_DUR_WOP
0,8.863999999999999,8.104
1,9.040000000000001,8.304
2,8.848,8.32
