day,PP_DUR_WP,PP_DUR_WOP
0,10.184000000000001,10.184000000000001
1,9.752,9.752
2,10.48,10.48
