day,PP_F0,PP_F0_SD,PP_F0_M,PP_F0_SD_M
0,204.4895642193066,20.027385111779413,207.9772282022445,3.290449818596359
