day,PP_F0,PP_F0_SD,PP_F0_M,PP_F0_SD_M,PP_JIT_local,PP_JIT_abs,PP_JIT_rap,PP_JIT_ppq5,PP_JIT_ddp
0,210.45375160502272,0.7712713909670292,210.21756030882872,0.5494134334126269,0.0014823207569876647,7.050808256210568e-06,0.0010517169948068734,0.001514959222868457,0.0031551509844206203
