day,PP_F0,PP_F0_SD,PP_F0_M,PP_F0_SD_M,PP_JIT_abs
0,212.56808628362793,0.7213882836773523,212.55260049614628,0.5901411401107771,6.222220643843869e-06
