day,PP_F0,PP_F0_M,PP_F0_SD,PP_F0_SD_M,PP_JIT_local,PP_JIT_M_local,PP_LHR,PP_LHR_M,PP_CPP_M,PP_CPP_M2,PP_CPP_SD_M,PP_HNR,PP_HNR_M,PP_SHI_local,PP_SHI_localdb,PP_SHI_M_local,PP_SHI_M_localdb
0,206.63694140952722,205.5912979895751,8.395869068596886,1.9079351901523858,0.0028001323874031624,0.0021943619641172,24.261543583133097,26.69335814776954,0.1025668917890199,0.1046181462285607,0.01382320229740131,17.740681913186375,18.15297927885384,0.02886105792245034,0.02886105792245034,0.028010102722721093,0.028010102722721093
