day,PP_F0,PP_F0_M,PP_F0_SD,PP_F0_SD_M,PP_LHR,PP_LHR_M,PP_CPP_M,PP_CPP_M2,PP_CPP_SD_M,PP_HNR,PP_HNR_M,PP_JIT_local,PP_JIT_abs,PP_JIT_rap,PP_JIT_ppq5,PP_JIT_ddp,PP_JIT_M_local,PP_JIT_M_abs,PP_JIT_M_rap,PP_JIT_M_ppq5,PP_JIT_M_ddp,PP_SHI_local,PP_SHI_localdb,PP_SHI_apq3,PP_SHI_apq5,PP_SHI_apq11,PP_SHI_dda,PP_SHI_M_local,PP_SHI_M_localdb,PP_SHI_M_apq3,PP_SHI_M_apq5,PP_SHI_M_apq11,PP_SHI_M_dda,PP_GF1_MEA,PP_GF2_MEA,PP_GF3_MEA,PP_GF4_MEA,PP_GF5_MEA,PP_GF1_MED,PP_GF2_MED,PP_GF3_MED,PP_GF4_MED,PP_GF5_MED,PP_GF1_SD,PP_GF2_SD,PP_GF3_SD,PP_GF4_SD,PP_GF5_SD,PP_F1_MEA,PP_F2_MEA,PP_F3_MEA,PP_F4_MEA,PP_F5_MEA,PP_F1_MED,PP_F2_MED,PP_F3_MED,PP_F4_MED,PP_F5_MED,PP_F1_SD,PP_F2_SD,PP_F3_SD,PP_F4_SD,PP_F5_SD
0,210.54803844146377,210.59603156164727,2.1315229829074016,1.1694459231444145,13.008295530751951,17.23798024415179,0.08888278968316549,0.08638799145764549,0.018881837655960586,8.557594740252258,9.386143386119294,0.0023516275419129323,1.1173088300388582e-05,0.0012922645113619229,0.001413066194877241,0.0038767935340857686,0.0021203561755440466,1.0063087858730696e-05,0.0012511479134052134,0.0013425745847750368,0.00375344374021564,0.06632865218818323,0.06632865218818323,0.03709716918118486,0.04207208547980904,0.047368244820227126,0.11129150754355457,0.054769033615624046,0.054769033615624046,0.030638464782700374,0.03427941910659617,0.03768099656831753,0.09191539434810111,343.6971272095356,2526.333974834415,2910.2345619310845,3381.65068994441,4336.585890729744,353.17725223532506,2529.3445687520534,2918.424777680124,3347.9569032353843,4244.7072997473615,30.634433816608205,59.96618008763353,103.19340135639513,163.31856925982348,202.07893018860938,343.55274628994897,2526.1824698684336,2910.7622137550143,3382.7473932788726,4336.469793025402,352.64416449841156,2529.7290207229853,2919.4739806641646,3346.000563968274,4238.794475490742,30.403851389240142,58.26088380192817,100.13920967707207,156.26445525091606,200.464025203882
