day,PP_F0,PP_F0_SD,PP_F0_M,PP_F0_SD_M,PP_JIT_local,PP_JIT_abs,PP_JIT_rap,PP_JIT_ppq5,PP_JIT_ddp
0,206.2303289492532,1.5997985108327941,206.26407385510376,1.4356716672238803,0.001570157977210796,7.613711483949732e-06,0.0007063306206589395,0.0009356946724324181,0.0021189918619768187
