day,PP_F0,PP_F0_SD,PP_F0_M,PP_F0_SD_M,PP_JIT_local,PP_JIT_abs,PP_JIT_rap,PP_JIT_ppq5,PP_JIT_ddp
0,210.51377208049723,2.016590913591445,210.60044848270138,1.1458588462232293,0.0023516275419129323,1.1173088300388582e-05,0.0012922645113619229,0.001413066194877241,0.0038767935340857686
