day,PP_F0,PP_F0_SD,PP_F0_M,PP_F0_SD_M,PP_JIT_abs
0,206.2303289492532,1.5997985108327941,206.26407385510376,1.4356716672238803,7.613711483949732e-06
