day,PP_F0,PP_F0_SD,PP_F0_M,PP_F0_SD_M,PP_JIT_local,PP_JIT_abs,PP_JIT_rap,PP_JIT_ppq5,PP_JIT_ddp
0,208.79619697436232,2.2988244761466223,208.75345905153767,1.8270808865516337,0.0025233759350523615,1.2090523438388966e-05,0.001356070157243895,0.0015219605462856777,0.004068210471731685
