day,PP_F0,PP_F0_M,PP_F0_SD,PP_F0_SD_M,PP_JIT_local,PP_JIT_abs,PP_JIT_rap,PP_JIT_ppq5,PP_JIT_ddp,PP_JIT_M_local,PP_JIT_M_abs,PP_JIT_M_rap,PP_JIT_M_ppq5,PP_JIT_M_ddp,PP_LHR,PP_LHR_M,PP_CPP_M,PP_CPP_M2,PP_CPP_SD_M,PP_HNR,PP_HNR_M
0,210.54803844146377,210.59603156164727,2.1315229829074016,1.1694459231444145,0.0023516275419129323,1.1173088300388582e-05,0.0012922645113619229,0.001413066194877241,0.0038767935340857686,0.0021203561755440466,1.0063087858730696e-05,0.0012511479134052134,0.0013425745847750368,0.00375344374021564,13.008295530751951,17.23798024415179,0.08888278968316549,0.08638799145764549,0.018881837655960586,8.557594740252258,9.386143386119294
