day,PP_F0,PP_F0_SD,PP_F0_M,PP_F0_SD_M,PP_JIT_local,PP_JIT_abs,PP_JIT_rap,PP_JIT_ppq5,PP_JIT_ddp
0,206.3248199273917,6.491445520962916,205.57346844141213,1.8664883706696018,0.0028001323874031624,1.3571329908763412e-05,0.0013609963674112865,0.0013313776570561557,0.004082989102233859
