day,PP_F0,PP_F0_M,PP_F0_SD,PP_F0_SD_M,PP_JIT_local,PP_JIT_M_local,PP_LHR,PP_LHR_M,PP_CPP_M,PP_CPP_M2,PP_CPP_SD_M,PP_HNR,PP_HNR_M,PP_SHI_local,PP_SHI_localdb,PP_SHI_M_local,PP_SHI_M_localdb
0,208.78563102734205,208.74263553390645,2.310946501490656,1.8413227532125875,0.0025233759350523615,0.002539585514370544,18.946542720665033,18.750207813153207,0.10144367537385646,0.10146497513630066,0.016537038438582896,10.772957069961999,11.524500104544195,0.06552408066601134,0.06552408066601134,0.07311292872026011,0.07311292872026011
