day,PP_F0,PP_F02,PP_F0_SD,PP_F0_M,PP_F02_M,PP_F0_SD_M,PP_JIT_local,PP_JIT_abs,PP_JIT_rap,PP_JIT_ppq5,PP_JIT_ddp,PP_LHR
0,212.57526179676785,212.52943451836097,0.737582336092621,212.5605206532786,212.52940428558443,0.6056260695487853,0.0013225695795021973,6.222220643843869e-06,0.0006099932094018694,0.0008205239348800442,0.0018299796282056082,12.404453190467798
