day,PP_F0,PP_F02,PP_F0_SD,PP_F0_M,PP_F02_M,PP_F0_SD_M,PP_JIT_local,PP_JIT_abs,PP_JIT_rap,PP_JIT_ppq5,PP_JIT_ddp,PP_LHR
0,206.63694140952722,205.36746595024383,8.395869068596886,205.5912979895751,205.3652429977712,1.9079351901523858,0.0028001323874031624,1.3571329908763412e-05,0.0013609963674112865,0.0013313776570561557,0.004082989102233859,24.261543583133097
