day,PP_F0,PP_F0_SD,PP_F0_M,PP_F0_SD_M,PP_JIT_local,PP_JIT_abs,PP_JIT_rap,PP_JIT_ppq5,PP_JIT_ddp
0,210.98636635120675,1.0912815273184837,211.0772986042063,0.8114803290244538,0.0015912646655343646,7.542803483893308e-06,0.0008832517164013264,0.0009449483161084691,0.002649755149203979
