day,PP_F0,PP_F02,PP_F0_SD,PP_F0_M,PP_F02_M,PP_F0_SD_M,PP_JIT_local,PP_JIT_abs,PP_JIT_rap,PP_JIT_ppq5,PP_JIT_ddp
0,208.78563102734205,208.6434419926091,2.310946501490656,208.74263553390645,208.62622706560637,1.8413227532125875,0.0025233759350523615,1.2090523438388966e-05,0.001356070157243895,0.0015219605462856777,0.004068210471731685
