day,PP_F0,PP_F0_M,PP_F0_SD,PP_F0_SD_M,PP_JIT_local,PP_JIT_abs,PP_JIT_rap,PP_JIT_ppq5,PP_JIT_ddp,PP_JIT_M_local,PP_JIT_M_abs,PP_JIT_M_rap,PP_JIT_M_ppq5,PP_JIT_M_ddp,PP_LHR,PP_LHR_M,PP_CPP_M,PP_CPP_M2,PP_CPP_SD_M,PP_HNR,PP_HNR_M
0,208.78563102734205,208.74263553390645,2.310946501490656,1.8413227532125875,0.0025233759350523615,1.2090523438388966e-05,0.001356070157243895,0.0015219605462856777,0.004068210471731685,0.002539585514370544,1.2107660282602078e-05,0.001395945444454969,0.0015363609637179972,0.004187836333364907,18.946542720665033,18.750207813153207,0.10144367537385646,0.10146497513630066,0.016537038438582896,10.772957069961999,11.524500104544195
