day,PP_F0,PP_F0_SD,PP_F0_M,PP_F0_SD_M,PP_JIT_abs
0,210.98636635120675,1.0912815273184837,211.0772986042063,0.8114803290244538,7.542803483893308e-06
