day,PP_F0,PP_F02,PP_F0_SD,PP_F0_M,PP_F02_M,PP_F0_SD_M,PP_JIT_local,PP_JIT_abs,PP_JIT_rap,PP_JIT_ppq5,PP_JIT_ddp,PP_LHR,PP_CPP_M,PP_CPP_SD_M
0,210.54803844146377,210.77170481019948,2.1315229829074016,210.59603156164727,210.76167543451376,1.1694459231444145,0.0023516275419129323,1.1173088300388582e-05,0.0012922645113619229,0.001413066194877241,0.0038767935340857686,13.008295530751951,0.08888278968316549,0.018881837655960586
