day,PP_F0,PP_F0_SD,PP_F0_M,PP_F0_SD_M,PP_JIT_local,PP_JIT_abs,PP_JIT_rap,PP_JIT_ppq5,PP_JIT_ddp
0,212.56808628362793,0.7213882836773523,212.55260049614628,0.5901411401107771,0.0013225695795021973,6.222220643843869e-06,0.0006099932094018694,0.0008205239348800442,0.0018299796282056082
