day,PP_F0,PP_F0_SD,PP_F0_M,PP_F0_SD_M
0,102.70178929590655,1.6014388399969814,102.69534342643138,1.1023166707738654
