features,slope,target,target_slope,score
PP_DUR_WOP,0.05043569395991951,0.007324500200224871,0.13572216639759782,0.05263491376131947
PP_DUR_WP,0.0,0.0,0.0,0.0
