day,PP_DUR_WP,PP_DUR_WOP
0,28.096,28.096
1,19.6,18.432
2,31.624000000000002,31.624000000000002
