day,PP_DUR_WP,PP_DUR_WOP
0,13.832,13.264000000000001
1,15.336000000000002,9.896
2,12.848,9.304
