day,PP_DUR_WP,PP_DUR_WOP
0,26.008000000000003,26.008000000000003
1,17.512,17.512
2,18.88,18.88
3,16.376,16.376
4,13.776,13.776
