day,target_bw,target_bnp,PP_DUR_WP,PP_DUR_WOP
0,72.8,5758,20.288,17.968000000000004
1,71.8,4783,15.664000000000003,13.296000000000005
2,70.9,3808,16.976,13.352
3,70.0,2833,16.608,16.608
4,69.1,1858,17.656,16.904
