day,PP_DUR_WP,PP_DUR_WOP
0,20.288,17.968000000000004
1,15.664000000000003,13.296000000000003
2,16.976,13.352
3,16.608,16.608
4,17.656,16.904
