day,PP_F0,PP_F0_SD,PP_F0_M,PP_F0_SD_M,PP_JIT_abs
0,102.5552853848853,0.8095353118794306,102.55203331499662,0.7047962731528574,3.917682332212634e-05
