day,PP_F0,PP_F0_SD,PP_F0_M,PP_F0_SD_M,PP_JIT_local,PP_JIT_abs,PP_JIT_rap,PP_JIT_ppq5,PP_JIT_ddp
0,103.34829631840961,0.5310432449023348,103.32260247641365,0.39303626333264663,0.002482191135041586,2.4020678157074594e-05,0.0011660918918764524,0.0016382792565424798,0.0034982756756293575
