day,PP_F0,PP_F0_M,PP_F0_SD,PP_F0_SD_M,PP_JIT_local,PP_JIT_abs,PP_JIT_rap,PP_JIT_ppq5,PP_JIT_ddp,PP_JIT_M_local,PP_JIT_M_abs,PP_JIT_M_rap,PP_JIT_M_ppq5,PP_JIT_M_ddp,PP_LHR,PP_LHR_M,PP_CPP_M,PP_CPP_M2,PP_CPP_SD_M,PP_HNR,PP_HNR_M
0,102.04561422000523,102.11346291524998,1.3664954849321171,0.9494986292117705,0.005021845933954501,4.9193425381756615e-05,0.0024319219344618717,0.0030616066673240547,0.007295765803385615,0.00469188667989378,4.5744305017016806e-05,0.0022031839567614887,0.0029964235194046692,0.006609551870284466,13.143821138271495,12.330415358798106,0.12803527944856008,0.1283395213158533,0.03309987830955083,9.757708238066028,10.12104668564195
