day,PP_F0,PP_F0_M,PP_F0_SD,PP_F0_SD_M,PP_JIT_local,PP_JIT_M_local,PP_LHR,PP_LHR_M,PP_CPP_M,PP_CPP_M2,PP_CPP_SD_M,PP_HNR,PP_HNR_M,PP_SHI_local,PP_SHI_localdb,PP_SHI_M_local,PP_SHI_M_localdb
0,103.7719550576808,103.57652732402715,2.1205222878186536,1.3480938204757698,0.009581570481355195,0.009044243107375586,18.66017063428304,17.44211589031201,0.04578153022613918,0.0432604721498436,0.01693063339112965,9.973182103589084,7.932963703157714,0.05923382592760833,0.05923382592760833,0.07099827755627515,0.07099827755627515
