day,PP_F0,PP_F02,PP_F0_SD,PP_F0_M,PP_F02_M,PP_F0_SD_M,PP_JIT_local,PP_JIT_abs,PP_JIT_rap,PP_JIT_ppq5,PP_JIT_ddp,PP_LHR
0,103.7719550576808,103.36615498398066,2.1205222878186536,103.57652732402715,103.35694411602726,1.3480938204757698,0.009581570481355195,9.234752007513415e-05,0.005292627663952366,0.006019544399306063,0.015877882991857096,18.66017063428304
