day,PP_F0,PP_F02,PP_F0_SD,PP_F0_M,PP_F02_M,PP_F0_SD_M,PP_JIT_local,PP_JIT_abs,PP_JIT_rap,PP_JIT_ppq5,PP_JIT_ddp,PP_LHR
0,102.04561422000523,102.27752322195212,1.3664954849321171,102.11346291524998,102.27689950869843,0.9494986292117705,0.005021845933954501,4.9193425381756615e-05,0.0024319219344618717,0.0030616066673240547,0.007295765803385615,13.143821138271495
