day,PP_F0,PP_F0_SD,PP_F0_M,PP_F0_SD_M,PP_JIT_local,PP_JIT_abs,PP_JIT_rap,PP_JIT_ppq5,PP_JIT_ddp
0,103.36166072255796,0.6272845154135648,103.40113129893894,0.4886727327768344,0.002162607636564136,2.092502861438348e-05,0.001207968458710642,0.0013610202094408695,0.003623905376131926
