day,PP_F0,PP_F0_SD,PP_F0_M,PP_F0_SD_M,PP_JIT_local,PP_JIT_abs,PP_JIT_rap,PP_JIT_ppq5,PP_JIT_ddp
0,102.70597942713142,0.8008146783835225,102.76914353417801,0.5873304277805004,0.0028353789940244473,2.761189722549355e-05,0.0011681196624904668,0.0017385207122553668,0.0035043589874714006
