day,PP_F0,PP_F02,PP_F0_SD,PP_F0_M,PP_F02_M,PP_F0_SD_M,PP_JIT_local,PP_JIT_abs,PP_JIT_rap,PP_JIT_ppq5,PP_JIT_ddp,PP_LHR
0,102.64284945163993,102.55959218945293,2.349086229693994,102.47195032151595,102.55812876315161,1.5195717617358298,0.004887711613752904,4.769210594426163e-05,0.002525267520969035,0.0030268887284881345,0.007575802562907106,6.699747573030686
