day,PP_F0,PP_F0_M,PP_F0_SD,PP_F0_SD_M,PP_JIT_local,PP_JIT_abs,PP_JIT_rap,PP_JIT_ppq5,PP_JIT_ddp,PP_JIT_M_local,PP_JIT_M_abs,PP_JIT_M_rap,PP_JIT_M_ppq5,PP_JIT_M_ddp,PP_LHR,PP_LHR_M,PP_CPP_M,PP_CPP_M2,PP_CPP_SD_M,PP_HNR,PP_HNR_M
0,102.64284945163993,102.47195032151595,2.349086229693994,1.5195717617358298,0.004887711613752904,4.769210594426163e-05,0.002525267520969035,0.0030268887284881345,0.007575802562907106,0.006587473591973855,6.335822628180352e-05,0.0033518773723094277,0.004258575768142406,0.010055632116928283,6.699747573030686,7.085896433805648,0.09325586881955476,0.09629713225102632,0.024526557886427904,8.314994955549698,7.319167692442713
