day,PP_F0,PP_F0_SD,PP_F0_M,PP_F0_SD_M,PP_JIT_abs
0,103.34829631840961,0.5310432449023348,103.32260247641365,0.39303626333264663,2.4020678157074594e-05
