day,PP_F0,PP_F0_M,PP_F0_SD,PP_F0_SD_M,PP_JIT_local,PP_JIT_abs,PP_JIT_rap,PP_JIT_ppq5,PP_JIT_ddp,PP_JIT_M_local,PP_JIT_M_abs,PP_JIT_M_rap,PP_JIT_M_ppq5,PP_JIT_M_ddp,PP_LHR,PP_LHR_M,PP_CPP_M,PP_CPP_M2,PP_CPP_SD_M,PP_HNR,PP_HNR_M,PP_SHI_local,PP_SHI_localdb,PP_SHI_apq3,PP_SHI_apq5,PP_SHI_apq11,PP_SHI_dda,PP_SHI_M_local,PP_SHI_M_localdb,PP_SHI_M_apq3,PP_SHI_M_apq5,PP_SHI_M_apq11,PP_SHI_M_dda
0,103.7719550576808,103.57652732402715,2.1205222878186536,1.3480938204757698,0.009581570481355195,9.234752007513415e-05,0.005292627663952366,0.006019544399306063,0.015877882991857096,0.009044243107375586,8.789701531575899e-05,0.004699123012795771,0.006508895553939258,0.014097369038387313,18.66017063428304,17.44211589031201,0.04578153022613918,0.0432604721498436,0.01693063339112965,9.973182103589084,7.932963703157714,0.05923382592760833,0.5145056884028942,0.031951915248681906,0.03854102842372072,0.04733609148783396,0.09585574574604572,0.05923382592760833,0.5145056884028942,0.031951915248681906,0.03854102842372072,0.04733609148783396,0.09585574574604572
