day,PP_F0,PP_F0_SD,PP_F0_M,PP_F0_SD_M,PP_JIT_local,PP_JIT_abs,PP_JIT_rap,PP_JIT_ppq5,PP_JIT_ddp
0,102.5552853848853,0.8095353118794306,102.55203331499662,0.7047962731528574,0.004017334807367411,3.917682332212634e-05,0.0021267892655852717,0.0026621957681273642,0.0063803677967558155
