day,PP_F0,PP_F0_M,PP_F0_SD,PP_F0_SD_M,PP_LHR,PP_LHR_M,PP_CPP_M,PP_CPP_M2,PP_CPP_SD_M,PP_HNR,PP_HNR_M,PP_JIT_local,PP_JIT_abs,PP_JIT_rap,PP_JIT_ppq5,PP_JIT_ddp,PP_JIT_M_local,PP_JIT_M_abs,PP_JIT_M_rap,PP_JIT_M_ppq5,PP_JIT_M_ddp,PP_SHI_local,PP_SHI_localdb,PP_SHI_apq3,PP_SHI_apq5,PP_SHI_apq11,PP_SHI_dda,PP_SHI_M_local,PP_SHI_M_localdb,PP_SHI_M_apq3,PP_SHI_M_apq5,PP_SHI_M_apq11,PP_SHI_M_dda,PP_GF1_MEA,PP_GF2_MEA,PP_GF3_MEA,PP_GF4_MEA,PP_GF5_MEA,PP_GF1_MED,PP_GF2_MED,PP_GF3_MED,PP_GF4_MED,PP_GF5_MED,PP_GF1_SD,PP_GF2_SD,PP_GF3_SD,PP_GF4_SD,PP_GF5_SD,PP_F1_MEA,PP_F2_MEA,PP_F3_MEA,PP_F4_MEA,PP_F5_MEA,PP_F1_MED,PP_F2_MED,PP_F3_MED,PP_F4_MED,PP_F5_MED,PP_F1_SD,PP_F2_SD,PP_F3_SD,PP_F4_SD,PP_F5_SD
0,102.64284945163993,102.47195032151595,2.349086229693994,1.5195717617358298,6.699747573030686,7.085896433805648,0.09325586881955476,0.09629713225102632,0.024526557886427904,8.314994955549698,7.319167692442713,0.004887711613752904,4.769210594426163e-05,0.002525267520969035,0.0030268887284881345,0.007575802562907106,0.006587473591973855,6.335822628180352e-05,0.0033518773723094277,0.004258575768142406,0.010055632116928283,0.10184503162952573,0.10184503162952573,0.050582453756000956,0.06439264719634283,0.09352834169650569,0.15174736126800287,0.11586589648153585,0.11586589648153585,0.055577981963924245,0.0792141630400683,0.11458617175051623,0.16673394589177273,429.75372567868146,2217.6528152475635,2663.980375306769,3500.051690975472,4248.596462400042,428.14055373535916,2205.5243904925255,2652.0385091363596,3506.197759458726,4252.082731285185,14.485206420064767,89.34940928870556,84.38274166080214,38.98545989501814,42.9362056572225,429.45270607066027,2214.3401422037045,2659.542126062371,3500.2757765737783,4249.6291582102285,429.0782710512465,2199.3942234721385,2643.47494014049,3505.8416021637695,4249.341527589895,15.924368904488162,86.10658744955626,77.9912690631446,35.257655876178106,40.58065679982154
