day,PP_F0,PP_F0_SD,PP_F0_M,PP_F0_SD_M,PP_JIT_local,PP_JIT_abs,PP_JIT_rap,PP_JIT_ppq5,PP_JIT_ddp
0,103.78397449504607,2.0842668933524506,103.5922302648322,1.3323979671302764,0.009581570481355195,9.234752007513415e-05,0.005292627663952366,0.006019544399306063,0.015877882991857096
