day,PP_F0,PP_F0_SD,PP_F0_M,PP_F0_SD_M,PP_JIT_abs
0,102.70597942713142,0.8008146783835225,102.76914353417801,0.5873304277805004,2.761189722549355e-05
