day,PP_F0,PP_F0_SD,PP_F0_M,PP_F0_SD_M,PP_JIT_local,PP_JIT_abs,PP_JIT_rap,PP_JIT_ppq5,PP_JIT_ddp
0,102.5170098888443,1.8654336692250815,102.43618716733585,1.4955683422620194,0.004887711613752904,4.769210594426163e-05,0.002525267520969035,0.0030268887284881345,0.007575802562907106
