day,PP_F0,PP_F0_M,PP_F0_SD,PP_F0_SD_M,PP_JIT_local,PP_JIT_M_local,PP_LHR,PP_LHR_M,PP_CPP_M,PP_CPP_M2,PP_CPP_SD_M,PP_HNR,PP_HNR_M,PP_SHI_local,PP_SHI_localdb,PP_SHI_M_local,PP_SHI_M_localdb
0,102.04561422000523,102.11346291524998,1.3664954849321171,0.9494986292117705,0.005021845933954501,0.00469188667989378,13.143821138271495,12.330415358798106,0.12803527944856008,0.1283395213158533,0.03309987830955083,9.757708238066028,10.12104668564195,0.11168720376235299,0.11168720376235299,0.08256716872433405,0.08256716872433405
