day,PP_F0,PP_F0_SD,PP_F0_M,PP_F0_SD_M,PP_JIT_abs
0,103.36166072255796,0.6272845154135648,103.40113129893894,0.4886727327768344,2.092502861438348e-05
