day,PP_F0,PP_F0_SD,PP_F0_M,PP_F0_SD_M,PP_JIT_local,PP_JIT_abs,PP_JIT_rap,PP_JIT_ppq5,PP_JIT_ddp
0,102.12773069507043,1.2283812360216324,102.16252825351057,0.9045045514228103,0.005021845933954501,4.9193425381756615e-05,0.0024319219344618717,0.0030616066673240547,0.007295765803385615
