day,PP_DUR_WP,PP_DUR_WOP
0,10.632000000000001,10.632000000000001
1,18.240000000000002,18.240000000000002
2,20.064,20.064
