day,target_bw,target_bnp,PP_DUR_WP,PP_DUR_WOP
0,63.1,4509,14.968,14.968
1,61.9,2559,18.168,18.168
2,60.7,609,11.728000000000002,11.728000000000002
