day,PP_DUR_WP,PP_DUR_WOP
0,14.968,14.968
1,18.168,18.168
2,11.728000000000002,11.728000000000002
