day,PP_DUR_WP,PP_DUR_WOP
0,22.304000000000002,21.544000000000004
1,26.944,26.944
2,30.904,30.904
