day,PP_DUR_WP,PP_DUR_WOP
0,20.991999999999997,20.991999999999997
1,26.688000000000002,26.688000000000002
2,29.672000000000004,29.672000000000004
