day,target_bw,target_bnp,PP_DUR_WP,PP_DUR_WOP
0,74.9,6041,20.992,20.992
1,72.9,4091,26.688,26.688
2,70.9,2141,29.672000000000004,29.672000000000004
