day,target_bw,target_bnp,PP_DUR_WP,PP_DUR_WOP
0,88.2,7772,23.48,17.871999999999996
1,86.8,6797,20.92,20.352
2,85.4,5822,19.04,17.976
3,83.9,4847,27.816000000000003,27.208
4,82.5,3872,19.176,17.032000000000004
