day,PP_F02,PP_F02_M,PP_F0_SD,PP_F0_SD_M,PP_CPP_M,PP_CPP_M2,PP_CPP_SD_M
0,109.0684813884592,109.20830739228806,15.000004724158211,10.504198045933045,0.019279458277074158,0.014607707522744227,0.019354302969105872
