day,PP_F0_SD,PP_JIT_local,PP_JIT_abs,PP_JIT_rap,PP_JIT_ppq5,PP_JIT_ddp,PP_LHR
0,15.000004724158211,0.013541052356355294,0.0001201143470527011,0.005106719573025033,0.005648363586120794,0.015320158719075098,0.17400629576138613
