day,PP_DUR_WP,PP_DUR_WOP
0,13.52,13.52
1,10.344000000000001,10.344000000000001
2,12.472,12.472
