day,target_bw,target_bnp,PP_DUR_WP,PP_DUR_WOP
0,72.8,5758,26.008000000000003,26.008000000000003
1,71.8,4783,17.512,17.512
2,70.9,3808,18.88,18.88
3,70.0,2833,16.376,16.376
4,69.1,1858,13.776,13.776
